experiment_name,experiment_number,experiment,model,iterations_constants,iterations_predicates,iterations_rulegen2,temperature,redo_coverage,file_name,wl_similarity,emd_adjusted_similarity,emd_base_similarity,emd_size_penalty,adjacency_adjusted_similarity,adjacency_base_similarity,adjacency_structure_penalty,nodal_similarity,timestamp
output_files/1,1,pancreatic_cancer_guidelines,llama-3.3-70b-versatile,1,1,1,0.0001,yes,final_rules,0.24885,0.75087,0.84714,0.11364,0.75185,0.86223,0.12802,0.76136,2025-03-28 13:44:19
output_files/1,1,pancreatic_cancer_guidelines,llama-3.3-70b-versatile,1,1,1,0.0001,no,rulegen2,0.28211,0.74157,0.8475,0.125,0.74339,0.86866,0.14422,0.76136,2025-03-28 13:44:21
output_files/1,2,pancreatic_cancer_guidelines,llama-3.3-70b-versatile,1,1,1,0.0001,yes,final_rules,0.19861,0.73554,0.83519,0.11932,0.74341,0.85853,0.13409,0.73864,2025-03-28 13:45:22
output_files/1,2,pancreatic_cancer_guidelines,llama-3.3-70b-versatile,1,1,1,0.0001,no,rulegen2,0.22792,0.66932,0.81806,0.18182,0.69096,0.84421,0.18152,0.68182,2025-03-28 13:45:23
output_files/1,3,pancreatic_cancer_guidelines,llama-3.3-70b-versatile,1,1,1,0.0001,yes,final_rules,0.25713,0.7964,0.86523,0.07955,0.74373,0.83353,0.10773,0.67045,2025-03-28 13:45:51
output_files/1,3,pancreatic_cancer_guidelines,llama-3.3-70b-versatile,1,1,1,0.0001,no,rulegen2,0.25164,0.76736,0.85478,0.10227,0.72442,0.83853,0.13609,0.70455,2025-03-28 13:45:53
output_files/2,1,pancreatic_cancer_guidelines,llama-3.3-70b-versatile,3,1,1,0.0001,yes,final_rules,0.25482,0.76512,0.85229,0.10227,0.79128,0.86874,0.08916,0.72727,2025-03-28 13:46:23
output_files/2,1,pancreatic_cancer_guidelines,llama-3.3-70b-versatile,3,1,1,0.0001,no,rulegen2,0.26372,0.74963,0.8512,0.11932,0.77749,0.86868,0.10497,0.70455,2025-03-28 13:46:24
output_files/2,2,pancreatic_cancer_guidelines,llama-3.3-70b-versatile,3,1,1,0.0001,yes,final_rules,0.25482,0.76551,0.85272,0.10227,0.79128,0.86874,0.08916,0.72727,2025-03-28 13:46:53
output_files/2,2,pancreatic_cancer_guidelines,llama-3.3-70b-versatile,3,1,1,0.0001,no,rulegen2,0.26372,0.74461,0.84549,0.11932,0.77749,0.86868,0.10497,0.70455,2025-03-28 13:46:54
output_files/2,3,pancreatic_cancer_guidelines,llama-3.3-70b-versatile,3,1,1,0.0001,yes,final_rules,0.21323,0.72712,0.85315,0.14773,0.74496,0.87136,0.14506,0.75,2025-03-28 13:47:02
output_files/2,3,pancreatic_cancer_guidelines,llama-3.3-70b-versatile,3,1,1,0.0001,no,rulegen2,0.27136,0.65046,0.82958,0.21591,0.67231,0.86961,0.22689,0.67045,2025-03-28 13:47:03
output_files/3,1,pancreatic_cancer_guidelines,llama-3.3-70b-versatile,5,1,1,0.0001,yes,final_rules,0.25482,0.76253,0.8494,0.10227,0.79128,0.86874,0.08916,0.72727,2025-03-28 13:47:13
output_files/3,1,pancreatic_cancer_guidelines,llama-3.3-70b-versatile,5,1,1,0.0001,no,rulegen2,0.26372,0.74261,0.84322,0.11932,0.77749,0.86868,0.10497,0.70455,2025-03-28 13:47:14
output_files/3,2,pancreatic_cancer_guidelines,llama-3.3-70b-versatile,5,1,1,0.0001,yes,final_rules,0.20821,0.8097,0.85848,0.05682,0.78789,0.86189,0.08585,0.76136,2025-03-28 13:47:21
output_files/3,2,pancreatic_cancer_guidelines,llama-3.3-70b-versatile,5,1,1,0.0001,no,rulegen2,0.22458,0.77434,0.84648,0.08523,0.76715,0.86174,0.10977,0.75,2025-03-28 13:47:23
output_files/3,3,pancreatic_cancer_guidelines,llama-3.3-70b-versatile,5,1,1,0.0001,yes,final_rules,0.22158,0.61534,0.80223,0.23295,0.63568,0.84571,0.24835,0.56818,2025-03-28 13:47:30
output_files/3,3,pancreatic_cancer_guidelines,llama-3.3-70b-versatile,5,1,1,0.0001,no,rulegen2,0.23744,0.63874,0.81463,0.21591,0.66293,0.8548,0.22446,0.61364,2025-03-28 13:47:31
output_files/4,1,pancreatic_cancer_guidelines,llama-3.3-70b-versatile,1,2,1,0.0001,yes,final_rules,0.20338,0.74499,0.85141,0.125,0.74287,0.86073,0.13693,0.63636,2025-03-28 13:47:46
output_files/4,1,pancreatic_cancer_guidelines,llama-3.3-70b-versatile,1,2,1,0.0001,no,rulegen2,0.18977,0.77638,0.85939,0.09659,0.77672,0.86777,0.10493,0.68182,2025-03-28 13:47:48
output_files/4,2,pancreatic_cancer_guidelines,llama-3.3-70b-versatile,1,2,1,0.0001,yes,final_rules,0.24474,0.77982,0.84722,0.07955,0.78874,0.87368,0.09722,0.78409,2025-03-28 13:47:57
output_files/4,2,pancreatic_cancer_guidelines,llama-3.3-70b-versatile,1,2,1,0.0001,no,rulegen2,0.25783,0.72047,0.82877,0.13068,0.73021,0.86348,0.15434,0.73864,2025-03-28 13:47:59
output_files/4,3,pancreatic_cancer_guidelines,llama-3.3-70b-versatile,1,2,1,0.0001,yes,final_rules,0.25182,0.72429,0.8442,0.14205,0.77599,0.87255,0.11067,0.67045,2025-03-28 13:48:06
output_files/4,3,pancreatic_cancer_guidelines,llama-3.3-70b-versatile,1,2,1,0.0001,no,rulegen2,0.22848,0.65576,0.81277,0.19318,0.69841,0.85757,0.18559,0.625,2025-03-28 13:48:07
output_files/5,1,pancreatic_cancer_guidelines,llama-3.3-70b-versatile,1,5,1,0.0001,yes,final_rules,0.24353,0.76648,0.84843,0.09659,0.72035,0.83498,0.13729,0.65909,2025-03-28 13:48:18
output_files/5,1,pancreatic_cancer_guidelines,llama-3.3-70b-versatile,1,5,1,0.0001,no,rulegen2,0.24383,0.75702,0.84863,0.10795,0.71659,0.8425,0.14945,0.65909,2025-03-28 13:48:19
output_files/5,2,pancreatic_cancer_guidelines,llama-3.3-70b-versatile,1,5,1,0.0001,yes,final_rules,0.2544,0.78044,0.85848,0.09091,0.7442,0.859,0.13364,0.80682,2025-03-28 13:50:23
output_files/5,2,pancreatic_cancer_guidelines,llama-3.3-70b-versatile,1,5,1,0.0001,no,rulegen2,0.2544,0.78044,0.85848,0.09091,0.7442,0.859,0.13364,0.80682,2025-03-28 13:50:25
output_files/5,3,pancreatic_cancer_guidelines,llama-3.3-70b-versatile,1,5,1,0.0001,yes,final_rules,0.23394,0.78068,0.85341,0.08523,0.77118,0.86156,0.10491,0.71591,2025-03-28 13:50:33
output_files/5,3,pancreatic_cancer_guidelines,llama-3.3-70b-versatile,1,5,1,0.0001,no,rulegen2,0.2467,0.76349,0.84512,0.09659,0.76195,0.8614,0.11545,0.69318,2025-03-28 13:50:35
output_files/6,1,pancreatic_cancer_guidelines,llama-3.3-70b-versatile,1,1,1,0.25,yes,final_rules,0.24184,0.77452,0.85197,0.09091,0.77974,0.86449,0.09804,0.79545,2025-03-28 13:50:59
output_files/6,1,pancreatic_cancer_guidelines,llama-3.3-70b-versatile,1,1,1,0.25,no,rulegen2,0.25801,0.76222,0.84906,0.10227,0.77018,0.864,0.10858,0.77273,2025-03-28 13:51:00
output_files/6,2,pancreatic_cancer_guidelines,llama-3.3-70b-versatile,1,1,1,0.25,yes,final_rules,0.26883,0.84729,0.86198,0.01705,0.85381,0.87255,0.02147,0.80682,2025-03-28 13:51:13
output_files/6,2,pancreatic_cancer_guidelines,llama-3.3-70b-versatile,1,1,1,0.25,no,rulegen2,0.28082,0.82687,0.85105,0.02841,0.8438,0.8717,0.032,0.78409,2025-03-28 13:51:14
output_files/6,3,pancreatic_cancer_guidelines,llama-3.3-70b-versatile,1,1,1,0.25,yes,final_rules,0.25346,0.77103,0.86434,0.10795,0.77259,0.87026,0.11223,0.79545,2025-03-28 13:51:21
output_files/6,3,pancreatic_cancer_guidelines,llama-3.3-70b-versatile,1,1,1,0.25,no,rulegen2,0.24744,0.7622,0.86547,0.11932,0.75472,0.86352,0.126,0.79545,2025-03-28 13:51:22
output_files/7,1,pancreatic_cancer_guidelines,llama-3.3-70b-versatile,1,1,1,0.5,yes,final_rules,0.25997,0.68725,0.83998,0.18182,0.6871,0.86164,0.20256,0.79545,2025-03-28 13:51:36
output_files/7,1,pancreatic_cancer_guidelines,llama-3.3-70b-versatile,1,1,1,0.5,no,rulegen2,0.26005,0.64333,0.82048,0.21591,0.65712,0.85624,0.23255,0.67045,2025-03-28 13:51:37
output_files/7,2,pancreatic_cancer_guidelines,llama-3.3-70b-versatile,1,1,1,0.5,yes,final_rules,0.19293,0.75884,0.83997,0.09659,0.76982,0.86084,0.10574,0.69318,2025-03-28 13:51:48
output_files/7,2,pancreatic_cancer_guidelines,llama-3.3-70b-versatile,1,1,1,0.5,no,rulegen2,0.21163,0.73431,0.83379,0.11932,0.75193,0.86033,0.126,0.68182,2025-03-28 13:51:49
output_files/7,3,pancreatic_cancer_guidelines,llama-3.3-70b-versatile,1,1,1,0.5,yes,final_rules,0.24885,0.75465,0.8514,0.11364,0.74938,0.86582,0.13449,0.75,2025-03-28 13:51:56
output_files/7,3,pancreatic_cancer_guidelines,llama-3.3-70b-versatile,1,1,1,0.5,no,rulegen2,0.24383,0.7603,0.85231,0.10795,0.76324,0.86763,0.12032,0.75,2025-03-28 13:51:58
output_files/8,1,pancreatic_cancer_guidelines,llama-3.3-70b-versatile,1,1,1,1,yes,final_rules,0.25482,0.75996,0.84653,0.10227,0.74751,0.86043,0.13123,0.68182,2025-03-28 13:52:18
output_files/8,1,pancreatic_cancer_guidelines,llama-3.3-70b-versatile,1,1,1,1,no,rulegen2,0.29044,0.68449,0.82514,0.17045,0.68758,0.84088,0.18231,0.59091,2025-03-28 13:52:19
output_files/8,2,pancreatic_cancer_guidelines,llama-3.3-70b-versatile,1,1,1,1,yes,final_rules,0.28124,0.80298,0.86173,0.06818,0.80303,0.87228,0.0794,0.84091,2025-03-28 13:52:31
output_files/8,2,pancreatic_cancer_guidelines,llama-3.3-70b-versatile,1,1,1,1,no,rulegen2,0.308,0.76667,0.85946,0.10795,0.76739,0.87075,0.1187,0.79545,2025-03-28 13:52:32
output_files/8,3,pancreatic_cancer_guidelines,llama-3.3-70b-versatile,1,1,1,1,yes,final_rules,0.29298,0.68927,0.83663,0.17614,0.70246,0.86294,0.18596,0.76136,2025-03-28 13:52:42
output_files/8,3,pancreatic_cancer_guidelines,llama-3.3-70b-versatile,1,1,1,1,no,rulegen2,0.24707,0.71962,0.84435,0.14773,0.74624,0.877,0.14911,0.73864,2025-03-28 13:52:43
output_files/9,1,pancreatic_cancer_guidelines,llama-3.3-70b-versatile,1,1,1,1.5,yes,final_rules,0.23504,0.66348,0.81091,0.18182,0.65214,0.85328,0.23573,0.59091,2025-03-28 13:53:00
output_files/9,1,pancreatic_cancer_guidelines,llama-3.3-70b-versatile,1,1,1,1.5,no,rulegen2,0.2789,0.65054,0.82967,0.21591,0.6529,0.84274,0.22527,0.68182,2025-03-28 13:53:01
output_files/9,2,pancreatic_cancer_guidelines,llama-3.3-70b-versatile,1,1,1,1.5,yes,final_rules,0.23015,0.70786,0.82505,0.14205,0.72136,0.85059,0.15193,0.625,2025-03-28 13:53:09
output_files/9,2,pancreatic_cancer_guidelines,llama-3.3-70b-versatile,1,1,1,1.5,no,rulegen2,0.24003,0.68225,0.82811,0.17614,0.69095,0.84964,0.18677,0.63636,2025-03-28 13:53:10
output_files/9,3,pancreatic_cancer_guidelines,llama-3.3-70b-versatile,1,1,1,1.5,yes,final_rules,0.22179,0.72635,0.85797,0.15341,0.69638,0.84369,0.1746,0.70455,2025-03-28 13:53:17
output_files/9,3,pancreatic_cancer_guidelines,llama-3.3-70b-versatile,1,1,1,1.5,no,rulegen2,0.18505,0.61016,0.80743,0.24432,0.60682,0.82239,0.26213,0.56818,2025-03-28 13:53:18
output_files/10,1,pancreatic_cancer_guidelines,llama-3.3-70b-versatile,1,1,1,2,yes,final_rules,0.25686,0.51822,0.7476,0.30682,0.38199,0.59509,0.3581,0.28409,2025-03-28 13:53:33
output_files/10,1,pancreatic_cancer_guidelines,llama-3.3-70b-versatile,1,1,1,2,no,rulegen2,0.17323,0.43177,0.73069,0.40909,0.43688,0.75609,0.42218,0.20455,2025-03-28 13:53:34
output_files/10,2,pancreatic_cancer_guidelines,llama-3.3-70b-versatile,1,1,1,2,yes,final_rules,0.13848,0.32594,0.54118,0.39773,0.20814,0.37656,0.44725,0.01136,2025-03-28 13:53:40
output_files/10,2,pancreatic_cancer_guidelines,llama-3.3-70b-versatile,1,1,1,2,no,rulegen2,0.21153,0.50834,0.73941,0.3125,0.50877,0.78421,0.35123,0.27273,2025-03-28 13:53:41
output_files/10,3,pancreatic_cancer_guidelines,llama-3.3-70b-versatile,1,1,1,2,yes,final_rules,0.06155,0.41353,0.71355,0.42045,0.19696,0.34572,0.43029,0.11364,2025-03-28 13:53:48
output_files/10,3,pancreatic_cancer_guidelines,llama-3.3-70b-versatile,1,1,1,2,no,rulegen2,0.19267,0.43125,0.7369,0.41477,0.3255,0.57013,0.42907,0.25,2025-03-28 13:53:49
output_files/11,1,pancreatic_cancer_guidelines,gpt-4o,1,1,1,1,yes,final_rules,0.17205,0.64111,0.80025,0.19886,0.42846,0.56938,0.24749,0.45455,2025-03-28 13:55:53
output_files/11,1,pancreatic_cancer_guidelines,gpt-4o,1,1,1,1,no,rulegen2,0.22147,0.71764,0.82552,0.13068,0.69465,0.84571,0.17861,0.65909,2025-03-28 13:55:54
output_files/11,2,pancreatic_cancer_guidelines,gpt-4o,1,1,1,1,yes,final_rules,0.18655,0.67836,0.78546,0.13636,0.63642,0.83088,0.23404,0.40909,2025-03-28 13:56:03
output_files/11,2,pancreatic_cancer_guidelines,gpt-4o,1,1,1,1,no,rulegen2,0.23015,0.6815,0.79963,0.14773,0.67453,0.85535,0.2114,0.63636,2025-03-28 13:56:04
output_files/11,3,pancreatic_cancer_guidelines,gpt-4o,1,1,1,1,yes,final_rules,0.22934,0.68666,0.76488,0.10227,0.65374,0.81062,0.19353,0.45455,2025-03-28 13:56:16
output_files/11,3,pancreatic_cancer_guidelines,gpt-4o,1,1,1,1,no,rulegen2,0.22028,0.75244,0.79777,0.05682,0.71744,0.83039,0.13601,0.54545,2025-03-28 13:56:18
output_files/12,1,pancreatic_cancer_guidelines,claude-3-7-sonnet-20250219,1,1,1,1,yes,final_rules,0.33375,0.7805,0.85322,0.08523,0.76762,0.8758,0.12352,0.77273,2025-03-28 13:56:39
output_files/12,1,pancreatic_cancer_guidelines,claude-3-7-sonnet-20250219,1,1,1,1,no,rulegen2,0.22946,0.76133,0.85894,0.11364,0.78596,0.87143,0.09808,0.75,2025-03-28 13:56:40
output_files/12,2,pancreatic_cancer_guidelines,claude-3-7-sonnet-20250219,1,1,1,1,yes,final_rules,0.28375,0.84488,0.86958,0.02841,0.83808,0.89265,0.06113,0.82955,2025-03-28 13:57:38
output_files/12,2,pancreatic_cancer_guidelines,claude-3-7-sonnet-20250219,1,1,1,1,no,rulegen2,0.2973,0.79357,0.87842,0.09659,0.79277,0.89216,0.1114,0.80682,2025-03-28 13:57:39
output_files/12,3,pancreatic_cancer_guidelines,claude-3-7-sonnet-20250219,1,1,1,1,yes,final_rules,0.23537,0.81499,0.86409,0.05682,0.83419,0.89047,0.0632,0.77273,2025-03-28 13:57:45
output_files/12,3,pancreatic_cancer_guidelines,claude-3-7-sonnet-20250219,1,1,1,1,no,rulegen2,0.24279,0.86289,0.88813,0.02841,0.88388,0.90105,0.01906,0.86364,2025-03-28 13:57:47
output_files/13,1,pancreatic_cancer_guidelines,claude-3-opus-20240229,1,1,1,1,yes,final_rules,0.04616,0.31402,0.55267,0.43182,0.24048,0.4396,0.45296,0.0,2025-03-28 13:58:04
output_files/13,1,pancreatic_cancer_guidelines,claude-3-opus-20240229,1,1,1,1,no,rulegen2,0.23721,0.73883,0.81783,0.09659,0.70892,0.84634,0.16237,0.59091,2025-03-28 13:58:06
output_files/13,2,pancreatic_cancer_guidelines,claude-3-opus-20240229,1,1,1,1,yes,final_rules,0.15795,0.47012,0.69531,0.32386,0.35822,0.54071,0.3375,0.22727,2025-03-28 13:58:12
output_files/13,2,pancreatic_cancer_guidelines,claude-3-opus-20240229,1,1,1,1,no,rulegen2,0.24164,0.75232,0.81734,0.07955,0.76261,0.8578,0.11097,0.68182,2025-03-28 13:58:13
output_files/13,3,pancreatic_cancer_guidelines,claude-3-opus-20240229,1,1,1,1,yes,final_rules,0.23539,0.75374,0.80889,0.06818,0.65912,0.80992,0.18619,0.57955,2025-03-28 13:58:19
output_files/13,3,pancreatic_cancer_guidelines,claude-3-opus-20240229,1,1,1,1,no,rulegen2,0.1325,0.71308,0.78932,0.09659,0.60961,0.78709,0.22548,0.42045,2025-03-28 13:58:21
output_files/14,1,pancreatic_cancer_guidelines,deepseek-r1-distill-llama-70b,1,1,1,1,yes,final_rules,0.20825,0.68223,0.78479,0.13068,0.65618,0.82402,0.20369,0.53409,2025-03-28 13:58:38
output_files/14,1,pancreatic_cancer_guidelines,deepseek-r1-distill-llama-70b,1,1,1,1,no,rulegen2,0.20825,0.68223,0.78479,0.13068,0.65618,0.82402,0.20369,0.53409,2025-03-28 13:58:40
output_files/14,2,pancreatic_cancer_guidelines,deepseek-r1-distill-llama-70b,1,1,1,1,yes,final_rules,0.136,0.45648,0.71732,0.36364,0.43713,0.71631,0.38975,0.21591,2025-03-28 13:58:50
output_files/14,2,pancreatic_cancer_guidelines,deepseek-r1-distill-llama-70b,1,1,1,1,no,rulegen2,0.2047,0.68485,0.81442,0.15909,0.6701,0.85413,0.21547,0.59091,2025-03-28 13:58:52
output_files/14,3,pancreatic_cancer_guidelines,deepseek-r1-distill-llama-70b,1,1,1,1,yes,final_rules,0.06044,0.39351,0.72143,0.45455,0.17814,0.33663,0.4708,0.06818,2025-03-28 13:59:07
output_files/14,3,pancreatic_cancer_guidelines,deepseek-r1-distill-llama-70b,1,1,1,1,no,rulegen2,0.21153,0.67049,0.7815,0.14205,0.62804,0.8135,0.22798,0.60227,2025-03-28 13:59:09
output_files/15,1,pancreatic_cancer_guidelines,o3-mini-2025-01-31,1,1,1,1,yes,final_rules,0.22832,0.69078,0.80514,0.14205,0.70523,0.862,0.18186,0.55682,2025-03-28 13:59:27
output_files/15,1,pancreatic_cancer_guidelines,o3-mini-2025-01-31,1,1,1,1,no,rulegen2,0.2132,0.70412,0.8153,0.13636,0.70257,0.85578,0.17902,0.56818,2025-03-28 13:59:29
output_files/15,2,pancreatic_cancer_guidelines,o3-mini-2025-01-31,1,1,1,1,yes,final_rules,0.22779,0.76013,0.85212,0.10795,0.73208,0.84623,0.13488,0.61364,2025-03-28 13:59:37
output_files/15,2,pancreatic_cancer_guidelines,o3-mini-2025-01-31,1,1,1,1,no,rulegen2,0.22934,0.76661,0.85394,0.10227,0.73876,0.8472,0.128,0.625,2025-03-28 13:59:38
output_files/15,3,pancreatic_cancer_guidelines,o3-mini-2025-01-31,1,1,1,1,yes,final_rules,0.28539,0.72897,0.83311,0.125,0.72752,0.85253,0.14664,0.68182,2025-03-28 13:59:44
output_files/15,3,pancreatic_cancer_guidelines,o3-mini-2025-01-31,1,1,1,1,no,rulegen2,0.28539,0.73209,0.83667,0.125,0.72563,0.85519,0.1515,0.68182,2025-03-28 13:59:46
output_files/16,1,pancreatic_cancer_guidelines,llama-3.3-70b-versatile,0,0,0,1,unknown,zero_shot_response,0.22059,0.52454,0.71565,0.26705,0.23432,0.34316,0.31718,0.10227,2025-03-28 14:06:10
output_files/16,2,pancreatic_cancer_guidelines,llama-3.3-70b-versatile,0,0,0,0,unknown,zero_shot_response,0.19969,0.61078,0.71664,0.14773,0.3747,0.50686,0.26076,0.11364,2025-03-28 14:07:50
output_files/16,3,pancreatic_cancer_guidelines,llama-3.3-70b-versatile,0,0,0,0,unknown,zero_shot_response,0.22059,0.52453,0.71564,0.26705,0.23432,0.34316,0.31718,0.11364,2025-03-28 14:07:56
output_files/17,1,pancreatic_cancer_guidelines,claude-3-7-sonnet-20250219,0,0,0,0,unknown,zero_shot_response,0.16362,0.7078,0.79346,0.10795,0.51556,0.55387,0.06917,0.375,2025-03-28 14:08:33
output_files/17,2,pancreatic_cancer_guidelines,claude-3-7-sonnet-20250219,0,0,0,0,unknown,zero_shot_response,0.17844,0.79139,0.81453,0.02841,0.53112,0.56328,0.0571,0.42045,2025-03-28 14:08:46
output_files/17,3,pancreatic_cancer_guidelines,claude-3-7-sonnet-20250219,0,0,0,0,unknown,zero_shot_response,0.12794,0.81835,0.83738,0.02273,0.53753,0.5769,0.06824,0.56818,2025-03-28 14:08:53
output_files/18,1,pancreatic_cancer_guidelines,llama-3.3-70b-versatile,3,5,1,0.25,yes,final_rules,0.22458,0.76201,0.85423,0.10795,0.77932,0.87544,0.1098,0.79545,2025-03-28 14:32:17
output_files/18,1,pancreatic_cancer_guidelines,llama-3.3-70b-versatile,3,5,1,0.25,no,rulegen2,0.19778,0.65445,0.82866,0.21023,0.68606,0.85473,0.19735,0.63636,2025-03-28 14:32:18
output_files/18,2,pancreatic_cancer_guidelines,llama-3.3-70b-versatile,3,5,1,0.25,yes,final_rules,0.2201,0.78867,0.84638,0.06818,0.77576,0.86237,0.10043,0.73864,2025-03-28 14:33:56
output_files/18,2,pancreatic_cancer_guidelines,llama-3.3-70b-versatile,3,5,1,0.25,no,rulegen2,0.23556,0.77368,0.85105,0.09091,0.76524,0.86868,0.11908,0.73864,2025-03-28 14:33:57
output_files/18,3,pancreatic_cancer_guidelines,llama-3.3-70b-versatile,3,5,1,0.25,yes,final_rules,0.2201,0.79057,0.84842,0.06818,0.77576,0.86237,0.10043,0.73864,2025-03-28 14:35:01
output_files/18,3,pancreatic_cancer_guidelines,llama-3.3-70b-versatile,3,5,1,0.25,no,rulegen2,0.23556,0.77545,0.85299,0.09091,0.76524,0.86868,0.11908,0.73864,2025-03-28 14:35:03
output_files/19,1,pancreatic_cancer_guidelines,claude-3-7-sonnet-20250219,3,5,1,0.25,yes,final_rules,0.28723,0.83303,0.86753,0.03977,0.82308,0.88817,0.07328,0.85227,2025-03-28 14:38:14
output_files/19,1,pancreatic_cancer_guidelines,claude-3-7-sonnet-20250219,3,5,1,0.25,no,rulegen2,0.23689,0.84521,0.88022,0.03977,0.87754,0.90506,0.0304,0.84091,2025-03-28 14:38:16
output_files/19,2,pancreatic_cancer_guidelines,claude-3-7-sonnet-20250219,3,5,1,0.25,yes,final_rules,0.26252,0.8249,0.87459,0.05682,0.82517,0.89553,0.07857,0.80682,2025-03-28 14:40:31
output_files/19,2,pancreatic_cancer_guidelines,claude-3-7-sonnet-20250219,3,5,1,0.25,no,rulegen2,0.24311,0.81465,0.87962,0.07386,0.83948,0.90592,0.07334,0.78409,2025-03-28 14:40:32
output_files/19,3,pancreatic_cancer_guidelines,claude-3-7-sonnet-20250219,3,5,1,0.25,yes,final_rules,0.2517,0.85767,0.85767,0.0,0.85122,0.89313,0.04693,0.875,2025-03-28 14:43:04
output_files/19,3,pancreatic_cancer_guidelines,claude-3-7-sonnet-20250219,3,5,1,0.25,no,rulegen2,0.27572,0.80484,0.8744,0.07955,0.81838,0.90086,0.09155,0.81818,2025-03-28 14:43:05
output_files/20,1,pancreatic_cancer_guidelines,gpt-4o,3,5,1,0.25,yes,final_rules,0.25126,0.76265,0.83891,0.09091,0.72551,0.83742,0.13364,0.65909,2025-03-28 15:09:56
output_files/20,1,pancreatic_cancer_guidelines,gpt-4o,3,5,1,0.25,no,rulegen2,0.26513,0.77914,0.85173,0.08523,0.75046,0.8453,0.11219,0.67045,2025-03-28 15:09:58
output_files/22,1,pancreatic_cancer_guidelines,meta-llama/llama-4-scout-17b-16e-instruct,1,1,1,0.0001,yes,final_rules,0.21435,0.64557,0.81157,0.20455,0.64207,0.83397,0.2301,0.61364,2025-04-07 11:00:32
output_files/22,1,pancreatic_cancer_guidelines,meta-llama/llama-4-scout-17b-16e-instruct,1,1,1,0.0001,no,rulegen2,0.18468,0.63769,0.81328,0.21591,0.63238,0.82749,0.23579,0.625,2025-04-07 11:00:33
output_files/22,2,pancreatic_cancer_guidelines,meta-llama/llama-4-scout-17b-16e-instruct,1,1,1,0.0001,yes,final_rules,0.21435,0.6482,0.81488,0.20455,0.64207,0.83397,0.2301,0.60227,2025-04-07 11:01:59
output_files/22,2,pancreatic_cancer_guidelines,meta-llama/llama-4-scout-17b-16e-instruct,1,1,1,0.0001,no,rulegen2,0.18468,0.64048,0.81685,0.21591,0.63238,0.82749,0.23579,0.625,2025-04-07 11:02:00
output_files/22,3,pancreatic_cancer_guidelines,meta-llama/llama-4-scout-17b-16e-instruct,1,1,1,0.0001,yes,final_rules,0.21435,0.65027,0.81748,0.20455,0.64207,0.83397,0.2301,0.63636,2025-04-07 11:02:31
output_files/22,3,pancreatic_cancer_guidelines,meta-llama/llama-4-scout-17b-16e-instruct,1,1,1,0.0001,no,rulegen2,0.18468,0.64245,0.81936,0.21591,0.63238,0.82749,0.23579,0.625,2025-04-07 11:02:32
output_files/19,4,pancreatic_cancer_guidelines,claude-3-7-sonnet-20250219,3,5,1,0.25,yes,final_rules,0.25511,0.81212,0.86626,0.0625,0.81132,0.88871,0.08708,0.82955,2025-04-07 14:15:16
output_files/19,4,pancreatic_cancer_guidelines,claude-3-7-sonnet-20250219,3,5,1,0.25,no,rulegen2,0.25265,0.78501,0.85815,0.08523,0.81691,0.89249,0.08468,0.76136,2025-04-07 14:15:17
output_files/24,1,pancreatic_cancer_guidelines,llama-3.3-70b-versatile,0,0,0,0.0001,unknown,in_context_response,0.22238,0.70732,0.84685,0.16477,0.71422,0.87303,0.1819,0.71591,2025-04-09 10:29:05
output_files/24,2,pancreatic_cancer_guidelines,llama-3.3-70b-versatile,0,0,0,0.0001,unknown,in_context_response,0.21858,0.71603,0.84578,0.15341,0.72432,0.87754,0.1746,0.69318,2025-04-09 10:29:35
output_files/24,3,pancreatic_cancer_guidelines,llama-3.3-70b-versatile,0,0,0,0.0001,unknown,in_context_response,0.24981,0.71973,0.85015,0.15341,0.73109,0.88142,0.17056,0.68182,2025-04-09 10:29:54
output_files/25,1,pancreatic_cancer_guidelines,claude-3-7-sonnet-20250219,0,0,0,0.0001,unknown,in_context_response,0.27967,0.87856,0.88352,0.00562,0.88144,0.88897,0.00847,0.82955,2025-04-09 10:31:08
output_files/25,2,pancreatic_cancer_guidelines,claude-3-7-sonnet-20250219,0,0,0,0.0001,unknown,in_context_response,0.32891,0.83609,0.88646,0.05682,0.86435,0.90088,0.04055,0.78409,2025-04-09 10:31:54
output_files/25,3,pancreatic_cancer_guidelines,claude-3-7-sonnet-20250219,0,0,0,0.0001,unknown,in_context_response,0.32891,0.83724,0.88768,0.05682,0.86366,0.90015,0.04055,0.77273,2025-04-09 10:32:31
output_files/32,1,pancreatic_cancer_guidelines,claude-3-7-sonnet-20250219,1,1,1,0.25,yes,final_rules,0.27301,0.87609,0.88617,0.01136,0.87554,0.90182,0.02914,0.84091,2025-04-09 12:17:41
output_files/32,1,pancreatic_cancer_guidelines,claude-3-7-sonnet-20250219,1,1,1,0.25,no,rulegen2,0.25347,0.83422,0.88448,0.05682,0.86423,0.90996,0.05025,0.81818,2025-04-09 12:17:42
output_files/32,2,pancreatic_cancer_guidelines,claude-3-7-sonnet-20250219,1,1,1,0.25,yes,final_rules,0.24281,0.84993,0.84993,0.0,0.85737,0.88752,0.03398,0.80682,2025-04-09 12:19:07
output_files/32,2,pancreatic_cancer_guidelines,claude-3-7-sonnet-20250219,1,1,1,0.25,no,rulegen2,0.24442,0.83443,0.88469,0.05682,0.86792,0.90843,0.04459,0.80682,2025-04-09 12:19:09
output_files/32,3,pancreatic_cancer_guidelines,claude-3-7-sonnet-20250219,1,1,1,0.25,yes,final_rules,0.22955,0.84888,0.85368,0.00562,0.86672,0.89011,0.02627,0.77273,2025-04-09 12:20:45
output_files/32,3,pancreatic_cancer_guidelines,claude-3-7-sonnet-20250219,1,1,1,0.25,no,rulegen2,0.24133,0.84421,0.87401,0.03409,0.87575,0.90823,0.03576,0.80682,2025-04-09 12:20:47
output_files/21,1,lung_cancer_guidelines,claude-3-7-sonnet-20250219,3,5,1,0.25,yes,final_rules,0.28868,0.82159,0.85445,0.03846,0.61217,0.65721,0.06854,0.67708,2025-04-09 12:55:18
output_files/21,1,lung_cancer_guidelines,claude-3-7-sonnet-20250219,3,5,1,0.25,no,rulegen2,0.43311,0.76529,0.87461,0.125,0.60318,0.68714,0.12219,0.70833,2025-04-09 12:55:20
output_files/21,2,lung_cancer_guidelines,claude-3-7-sonnet-20250219,3,5,1,0.25,yes,final_rules,0.25259,0.81316,0.82154,0.0102,0.5736,0.61278,0.06393,0.61458,2025-04-09 12:55:31
output_files/21,2,lung_cancer_guidelines,claude-3-7-sonnet-20250219,3,5,1,0.25,no,rulegen2,0.30254,0.73405,0.82904,0.11458,0.73867,0.8507,0.13169,0.59375,2025-04-09 12:55:32
output_files/26,1,lung_cancer_guidelines,llama-3.3-70b-versatile,0,0,0,0.0001,unknown,in_context_response,0.22645,0.65154,0.77219,0.15625,0.40779,0.5477,0.25546,0.36458,2025-04-09 12:56:14
output_files/26,2,lung_cancer_guidelines,llama-3.3-70b-versatile,0,0,0,0.0001,unknown,in_context_response,0.24046,0.64352,0.78199,0.17708,0.41349,0.55155,0.25031,0.33333,2025-04-09 12:56:25
output_files/26,3,lung_cancer_guidelines,llama-3.3-70b-versatile,0,0,0,0.0001,unknown,in_context_response,0.24225,0.68072,0.78262,0.13021,0.58139,0.75878,0.23379,0.40625,2025-04-09 12:56:38
output_files/27,1,lung_cancer_guidelines,claude-3-7-sonnet-20250219,0,0,0,0.0001,unknown,in_context_response,0.27585,0.72225,0.81572,0.11458,0.51836,0.62959,0.17667,0.58333,2025-04-09 12:57:07
output_files/27,2,lung_cancer_guidelines,claude-3-7-sonnet-20250219,0,0,0,0.0001,unknown,in_context_response,0.28098,0.72348,0.80761,0.10417,0.52277,0.61996,0.15675,0.55208,2025-04-09 12:57:16
output_files/27,3,lung_cancer_guidelines,claude-3-7-sonnet-20250219,0,0,0,0.0001,unknown,in_context_response,0.27805,0.73087,0.81585,0.10417,0.52895,0.62921,0.15935,0.57292,2025-04-09 12:57:23
output_files/28,1,lung_cancer_guidelines,llama-3.3-70b-versatile,0,0,0,0.0001,unknown,zero_shot_response,0.2111,0.37942,0.62801,0.39583,0.26024,0.45022,0.42197,0.07292,2025-04-09 14:10:11
output_files/28,2,lung_cancer_guidelines,llama-3.3-70b-versatile,0,0,0,0.0001,unknown,zero_shot_response,0.2111,0.37637,0.62295,0.39583,0.26024,0.45022,0.42197,0.07292,2025-04-09 14:11:48
output_files/28,3,lung_cancer_guidelines,llama-3.3-70b-versatile,0,0,0,0.0001,unknown,zero_shot_response,0.17383,0.60466,0.69937,0.13542,0.35597,0.46989,0.24245,0.1875,2025-04-09 12:58:38
output_files/29,3,lung_cancer_guidelines,claude-3-7-sonnet-20250219,0,0,0,0.0001,unknown,zero_shot_response,0.22569,0.56351,0.72129,0.21875,0.37774,0.51219,0.26249,0.26042,2025-04-09 12:58:53
output_files/29,2,lung_cancer_guidelines,claude-3-7-sonnet-20250219,0,0,0,0.0001,unknown,zero_shot_response,0.18602,0.58515,0.72483,0.19271,0.38947,0.51302,0.24082,0.26042,2025-04-09 12:59:01
output_files/29,1,lung_cancer_guidelines,claude-3-7-sonnet-20250219,0,0,0,0.0001,unknown,zero_shot_response,0.18257,0.52688,0.71745,0.26562,0.35624,0.5075,0.29804,0.26042,2025-04-09 12:59:09
output_files/30,1,lung_cancer_guidelines,llama-3.3-70b-versatile,1,1,1,0.25,yes,final_rules,0.21659,0.72463,0.80889,0.10417,0.49292,0.60568,0.18617,0.60417,2025-04-09 12:59:27
output_files/30,1,lung_cancer_guidelines,llama-3.3-70b-versatile,1,1,1,0.25,no,rulegen2,0.22263,0.69715,0.80634,0.13542,0.48329,0.61889,0.21909,0.60417,2025-04-09 12:59:28
output_files/30,2,lung_cancer_guidelines,llama-3.3-70b-versatile,1,1,1,0.25,yes,final_rules,0.21707,0.72784,0.76728,0.0514,0.53785,0.59086,0.08971,0.48958,2025-04-09 12:59:39
output_files/30,2,lung_cancer_guidelines,llama-3.3-70b-versatile,1,1,1,0.25,no,rulegen2,0.22021,0.76935,0.77334,0.00515,0.55117,0.61087,0.09773,0.47917,2025-04-09 12:59:41
output_files/30,3,lung_cancer_guidelines,llama-3.3-70b-versatile,1,1,1,0.25,yes,final_rules,0.21707,0.73552,0.77538,0.0514,0.53785,0.59086,0.08971,0.48958,2025-04-09 12:59:48
output_files/30,3,lung_cancer_guidelines,llama-3.3-70b-versatile,1,1,1,0.25,no,rulegen2,0.22021,0.76958,0.77357,0.00515,0.55117,0.61087,0.09773,0.48958,2025-04-09 12:59:49
output_files/33,1,pancreatic_cancer_guidelines,llama-3.3-70b-versatile,1,3,1,0.0001,no,rulegen2,0.24981,0.69806,0.83577,0.16477,0.70915,0.85416,0.16977,0.75,2025-04-11 16:18:12
output_files/34,1,pancreatic_cancer_guidelines,llama-3.3-70b-versatile,1,3,1,0.25,no,rulegen2,0.22623,0.7463,0.84198,0.11364,0.74806,0.86349,0.13368,0.71591,2025-04-11 16:19:53
output_files/34,2,pancreatic_cancer_guidelines,llama-3.3-70b-versatile,1,3,1,0.25,no,rulegen2,0.20984,0.71581,0.83989,0.14773,0.72275,0.8422,0.14182,0.68182,2025-04-11 16:21:24
output_files/34,3,pancreatic_cancer_guidelines,llama-3.3-70b-versatile,1,3,1,0.25,no,rulegen2,0.23394,0.78633,0.85959,0.08523,0.77662,0.87158,0.10896,0.78409,2025-04-11 16:22:13
output_files/36,1,pancreatic_cancer_guidelines,llama-3.3-70b-versatile,1,3,1,1,no,rulegen2,0.22299,0.75214,0.84857,0.11364,0.76458,0.87521,0.1264,0.78409,2025-04-11 16:23:14
output_files/36,2,pancreatic_cancer_guidelines,llama-3.3-70b-versatile,1,3,1,1,no,rulegen2,0.26953,0.78003,0.84744,0.07955,0.76778,0.86598,0.1134,0.76136,2025-04-11 16:23:52
output_files/36,3,pancreatic_cancer_guidelines,llama-3.3-70b-versatile,1,3,1,1,no,rulegen2,0.25935,0.76583,0.84771,0.09659,0.75633,0.86613,0.12677,0.78409,2025-04-11 16:25:47
output_files/38,1,pancreatic_cancer_guidelines,llama-3.3-70b-versatile,1,3,1,2,no,rulegen2,0.2394,0.69905,0.83696,0.16477,0.70403,0.85381,0.17543,0.71591,2025-04-11 16:26:50
output_files/38,2,pancreatic_cancer_guidelines,llama-3.3-70b-versatile,1,3,1,2,no,rulegen2,0.23713,0.61081,0.79632,0.23295,0.62948,0.82944,0.24107,0.54545,2025-04-11 16:27:36
output_files/38,3,pancreatic_cancer_guidelines,llama-3.3-70b-versatile,1,3,1,2,no,rulegen2,0.21541,0.63377,0.82017,0.22727,0.62571,0.83559,0.25118,0.64773,2025-04-11 16:28:16
output_files/35,1,pancreatic_cancer_guidelines,llama-3.3-70b-versatile,1,5,1,0.25,no,rulegen2,0.19827,0.76855,0.83497,0.07955,0.72835,0.8306,0.12311,0.72727,2025-04-11 16:41:17
output_files/35,2,pancreatic_cancer_guidelines,llama-3.3-70b-versatile,1,5,1,0.25,no,rulegen2,0.19292,0.69497,0.81543,0.14773,0.70342,0.84847,0.17095,0.625,2025-04-11 16:42:31
output_files/35,3,pancreatic_cancer_guidelines,llama-3.3-70b-versatile,1,5,1,0.25,no,rulegen2,0.25935,0.77354,0.85625,0.09659,0.7484,0.85153,0.12111,0.77273,2025-04-11 16:43:14
output_files/37,1,pancreatic_cancer_guidelines,llama-3.3-70b-versatile,1,5,1,1,no,rulegen2,0.2389,0.76361,0.85061,0.10227,0.76379,0.86547,0.11748,0.71591,2025-04-11 16:44:05
output_files/37,2,pancreatic_cancer_guidelines,llama-3.3-70b-versatile,1,5,1,1,no,rulegen2,0.22927,0.77871,0.85659,0.09091,0.73597,0.84476,0.12879,0.76136,2025-04-11 16:44:58
output_files/37,3,pancreatic_cancer_guidelines,llama-3.3-70b-versatile,1,5,1,1,no,rulegen2,0.24296,0.7669,0.81802,0.0625,0.77425,0.86262,0.10245,0.76136,2025-04-11 16:45:57
output_files/39,1,pancreatic_cancer_guidelines,llama-3.3-70b-versatile,1,5,1,2,no,rulegen2,0.21153,0.72367,0.84348,0.14205,0.72322,0.85605,0.15517,0.73864,2025-04-11 16:50:49
output_files/39,2,pancreatic_cancer_guidelines,llama-3.3-70b-versatile,1,5,1,2,no,rulegen2,0.22944,0.68207,0.8279,0.17614,0.69487,0.85024,0.18273,0.69318,2025-04-11 16:51:35
output_files/39,3,pancreatic_cancer_guidelines,llama-3.3-70b-versatile,1,5,1,2,no,rulegen2,0.27516,0.76771,0.84979,0.09659,0.77738,0.86773,0.10412,0.73864,2025-04-11 16:52:09
output_files/39,4,pancreatic_cancer_guidelines,llama-3.3-70b-versatile,1,5,1,2,no,rulegen2,0.30027,0.71125,0.84013,0.15341,0.72362,0.86818,0.16651,0.75,2025-04-11 16:55:12
output_files/40,1,lung_cancer_guidelines,llama-3.3-70b-versatile,1,1,1,0.25,no,rulegen2_P_IC,0.18449,0.66492,0.7576,0.12234,0.27956,0.37263,0.24975,0.32979,2025-04-14 11:54:45
output_files/40,2,lung_cancer_guidelines,llama-3.3-70b-versatile,1,1,1,0.25,no,rulegen2_P_IC,0.22669,0.78349,0.80932,0.03191,0.33226,0.38198,0.13014,0.57447,2025-04-14 11:56:16
output_files/40,3,lung_cancer_guidelines,llama-3.3-70b-versatile,1,1,1,0.25,no,rulegen2_P_IC,0.23775,0.79171,0.81781,0.03191,0.53846,0.61718,0.12755,0.6383,2025-04-14 11:57:04
output_files/42,1,lung_cancer_guidelines,claude-3-7-sonnet-20250219,0,0,0,0.25,unknown,in_context_response_LC,0.31891,0.66717,0.81979,0.18617,0.62745,0.81188,0.22717,0.58511,2025-04-14 12:09:39
output_files/42,2,lung_cancer_guidelines,claude-3-7-sonnet-20250219,0,0,0,0.25,unknown,in_context_response_LC,0.2611,0.73996,0.80412,0.07979,0.71407,0.8339,0.1437,0.57447,2025-04-14 12:12:14
output_files/42,3,lung_cancer_guidelines,claude-3-7-sonnet-20250219,0,0,0,0.25,unknown,in_context_response_LC,0.27186,0.80177,0.84609,0.05238,0.74716,0.82754,0.09712,0.68085,2025-04-14 12:15:04
output_files/41,1,lung_cancer_guidelines,claude-3-7-sonnet-20250219,1,1,1,0.25,no,rulegen2_P_IC,0.28369,0.77523,0.86752,0.10638,0.7641,0.84566,0.09644,0.60638,2025-04-17 15:09:53
output_files/41,2,lung_cancer_guidelines,claude-3-7-sonnet-20250219,1,1,1,0.25,no,rulegen2_P_IC,0.28046,0.74895,0.85856,0.12766,0.75236,0.85754,0.12265,0.69149,2025-04-17 15:11:30
output_files/41,3,lung_cancer_guidelines,claude-3-7-sonnet-20250219,1,1,1,0.25,no,rulegen2_P_IC,0.25779,0.76632,0.85755,0.10638,0.7986,0.87712,0.08952,0.71277,2025-04-17 15:11:41
output_files/43,1,pancreatic_cancer_guidelines,claude-3-7-sonnet-20250219,1,1,1,0.25,no,rulegen2,0.19268,0.77715,0.85047,0.08621,0.79185,0.86123,0.08056,0.71264,2025-04-18 14:08:33
output_files/41,4,lung_cancer_guidelines,claude-3-7-sonnet-20250219,1,1,1,0.25,no,rulegen2_P_IC,0.33759,0.85464,0.86008,0.00633,0.8114,0.85651,0.05267,0.74359,2025-04-24 11:35:16
output_files/41,5,lung_cancer_guidelines,claude-3-7-sonnet-20250219,1,1,1,0.25,no,rulegen2_P_IC,0.3467,0.81059,0.86611,0.0641,0.81502,0.85728,0.04929,0.73077,2025-04-24 11:36:39
output_files/41,6,lung_cancer_guidelines,claude-3-7-sonnet-20250219,1,1,1,0.25,no,rulegen2_P_IC,0.33904,0.74829,0.85206,0.12179,0.82945,0.89444,0.07266,0.64103,2025-04-24 11:37:40
output_files/31,4,lung_cancer_guidelines,claude-3-7-sonnet-20250219,1,1,1,0.25,no,rulegen2,0.23757,0.82115,0.84168,0.02439,0.74893,0.79299,0.05556,0.74359,2025-04-24 11:47:17
output_files/31,5,lung_cancer_guidelines,claude-3-7-sonnet-20250219,1,1,1,0.25,no,rulegen2,0.36113,0.82997,0.84075,0.01282,0.74872,0.78618,0.04765,0.66667,2025-04-24 11:49:25
output_files/31,6,lung_cancer_guidelines,claude-3-7-sonnet-20250219,1,1,1,0.25,no,rulegen2,0.30478,0.72476,0.83134,0.12821,0.70862,0.77768,0.08879,0.60256,2025-04-24 11:50:49
